{"stat.useItem.274":11,"stat.walkOneCm":69334,"stat.breakItem.270":2,"achievement.openInventory":4,"stat.craftItem.5":18,"stat.leaveGame":3,"stat.craftItem.280":6,"stat.damageTaken":246,"stat.mineBlock.3":29,"achievement.botania:flowerPickup":8,"stat.mineBlock.1":12,"stat.mobKills":4,"stat.flyOneCm":2080,"stat.craftItem.58":1,"stat.craftItem.274":1,"stat.mineBlock.18":11,"stat.mineBlock.17":10,"stat.jump":100,"stat.swimOneCm":101,"achievement.buildPickaxe":6,"stat.playOneMinute":20795,"stat.fallOneCm":633,"achievement.buildWorkBench":1,"stat.craftItem.270":2,"stat.useItem.3":2,"stat.damageDealt":690,"achievement.buildBetterPickaxe":2,"stat.killEntity.Zombie":4,"achievement.mineWood":10,"achievement.exploreAllBiomes":{"value":0,"progress":["Magical Forest","River","Extreme Hills"]},"stat.useItem.270":12,"stat.mineBlock.31":17,"stat.diveOneCm":3372,"stat.useItem.58":1}